catchment,site,id,type,rank,total_capacity,production,liquid_capacity,cake_capacity,total_imports
KNOSTROP/STW,ABERFORD/STW,1,STW,1,0.194,0.097,0,0,0
YORK NABURN/STW,ACKLAM/STW,2,STW,1,0.004,0.002,0,0,0
KNOSTROP/STW,ACKWORTH/STW,3,STW,1,1.242,0.621,0,0,0
HULL/STW,ACORNS BACK LN/STW,4,STW,1,0.02,0.01,0,0,0
ALDWARKE/STW,ADWICK/STW,5,STF/T,2,2.862,1.431,1,0,1.431
KNOSTROP/STW,AIREDALE/STW,6,STW,1,0.596,0.298,0,0,0
SANDALL/STW,AIRMYN/STW,7,STW,1,0.068,0.034,0,0,0
BRADFORD ESHOLT/NO 2 STW,AIRTON/NO 2 STW,8,STW,1,0.036,0.018,0,0,0
HULL/STW,ALDBROUGH/STW,9,STW,1,0.202,0.101,0,0,0
BRADFORD ESHOLT/NO 2 STW,ALDFIELD/STW,10,STW,1,0.008,0.004,0,0,0
BRADFORD ESHOLT/NO 2 STW,ALDWARK BAY HORSE/2 STW,11,STW,1,0.02,0.01,0,0,0
BRADFORD ESHOLT/NO 2 STW,ALDWARK BOAT CLUB/STW,12,STW,1,0.02,0.01,0,0,0
ALDWARKE/STW,ALDWARKE/STW,13,STC,4,14.5,7.372,4.65,0,7.128
YORK NABURN/STW,AMPLEFORTH VILLAGE/STW,14,STW,1,0.1,0.05,0,0,0
BRADFORD ESHOLT/NO 2 STW,APPERSETT/STW,15,STW,1,0.008,0.004,0,0,0
YORK NABURN/STW,APPLETON LE MOOR/STW,16,STW,1,0.022,0.011,0,0,0
BRADFORD ESHOLT/NO 2 STW,APPLETON WISKE/STW,17,STW,1,0.06,0.03,0,0,0
BRADFORD ESHOLT/NO 2 STW,APPLETREEWICK/STW,18,STW,1,0.014,0.007,0,0,0
BRADFORD ESHOLT/NO 2 STW,ARRATHORNE/STW,19,STW,1,0.004,0.002,0,0,0
BRADFORD ESHOLT/NO 2 STW,ASENBY/STW,20,STW,1,0.042,0.021,0,0,0
YORK NABURN/STW,ASKHAM BRYAN/STW,21,STW,1,0.23,0.115,0,0,0
BRADFORD ESHOLT/NO 2 STW,ASKRIGG/STW,22,STW,1,0.072,0.036,0,0,0
KNOSTROP/STW,ASSELBY/STW,23,STW,1,0.02,0.01,0,0,0
BLACKBURN MEADOWS/STW,ASTWITH/STW,24,STW,1,0.006,0.003,0,0,0
BRIDLINGTON/STW,ATWICK/NO 2 STW,25,STW,1,0.036,0.018,0,0,0
BRADFORD ESHOLT/NO 2 STW,AYSGARTH FALLS/STW,26,STW,1,0.004,0.002,0,0,0
BRADFORD ESHOLT/NO 2 STW,AYSGARTH/STW,27,STW,1,0.024,0.012,0,0,0
BRADFORD ESHOLT/NO 2 STW,BAGBY/STW,28,STW,1,0.068,0.034,0,0,0
BRADFORD ESHOLT/NO 2 STW,BAINBRIDGE/STW,29,STW,1,0.058,0.029,0,0,0
SANDALL/STW,BALBY/STW,30,STF/T,2,2.08,1.04,1,0,1.04
BRADFORD ESHOLT/NO 2 STW,BALDERSBY ST JAMES/STW,31,STW,1,0.02,0.01,0,0,0
BRADFORD ESHOLT/NO 2 STW,BALDERSBY/STW,32,STW,1,0.028,0.014,0,0,0
YORK NABURN/STW,BARLBY/STW,33,STW,1,1.134,0.567,0,0,0
OLD WHITTINGTON/STW,BARLOW/STW,34,STW,1,0.12,0.06,0,0,0
KNOSTROP/STW,BARMBY BANKFIELD/STW,35,STW,1,0.03,0.015,0,0,0
KNOSTROP/STW,BARNBURGH/STW,36,STW,1,0.014,0.007,0,0,0
DEWSBURY/STW,BARR LANE/STW,37,STW,1,0.006,0.003,0,0,0
HUDDERSFIELD/NO 2 STF,BARSEY GREEN/STW,38,STW,1,0.01,0.005,0,0,0
YORK NABURN/STW,BARTON LE WILLOW/STW,39,STW,1,0.022,0.011,0,0,0
CALDER VALE/STW,BARWICK IN ELMET/STW,40,STW,1,0.472,0.236,0,0,0
BRADFORD ESHOLT/NO 2 STW,BEAMSLEY/STW,41,STW,1,0.024,0.012,0,0,0
SANDALL/STW,BEARSWOOD GROVE/STW,42,STW,1,0.004,0.002,0,0,0
BRADFORD ESHOLT/NO 2 STW,BECKWITHSHAW/STW,43,STW,1,0.028,0.014,0,0,0
BRADFORD ESHOLT/NO 2 STW,BEDALE/STW,44,STW,1,0.75,0.375,0,0,0
HULL/STW,BEEFORD/STW,45,STW,1,0.24,0.12,0,0,0
HUDDERSFIELD/NO 2 STF,BEGGARINGTON/STW,46,STW,1,0.004,0.002,0,0,0
BRADFORD ESHOLT/NO 2 STW,BELL BUSK/STW,47,STW,1,0.004,0.002,0,0,0
BRADFORD ESHOLT/NO 2 STW,BELLERBY/STW,48,STW,1,0.056,0.028,0,0,0
BRADFORD ESHOLT/NO 2 STW,BEN RHYDDING/STW,49,STW,1,0.58,0.29,0,0,0
SANDALL/STW,BENTLEY/STW,50,STW,1,2.858,1.429,0,0,0
YORK NABURN/STW,BEVERLEY ROAD NORTON/STW,51,STW,1,0.02,0.01,0,0,0
HULL/STW,BEVERLEY/STW,52,STF/D,3,5.932499258,2.7,0,0,0
BRIDLINGTON/STW,BEWHOLME/STW,53,STW,1,0.014,0.007,0,0,0
BRADFORD ESHOLT/NO 2 STW,BISHOP MONKTON/NO 2 STW,54,STW,1,0.104,0.052,0,0,0
YORK NABURN/STW,BISHOP WILTON/STW,55,STW,1,0.062,0.031,0,0,0
BLACKBURN MEADOWS/STW,BLACKBURN MEADOWS/STW,56,STC,4,50,33.868,12.4,6.6,16.132
BRADFORD ESHOLT/NO 2 STW,BLAND HILL/STW,57,STW,1,0.004,0.002,0,0,0
BRADFORD ESHOLT/NO 2 STW,BLUBBERHOUSES HALL/STW,58,STW,1,0.02,0.01,0,0,0
HUDDERSFIELD/NO 2 STF,BLUBBERHOUSES/STW,59,STW,1,0.012,0.006,0,0,0
BLACKBURN MEADOWS/STW,BOLSOVER/STW,60,STW,1,1.496,0.748,0,0,0
ALDWARKE/STW,BOLTON ON DEARNE/STW,61,STW,1,3.22,1.61,0,0,0
BRADFORD ESHOLT/NO 2 STW,BOROUGHBRIDGE/NO 2 STW,62,STW,1,1.294,0.647,0,0,0
BRADFORD ESHOLT/NO 2 STW,BORROWBY/STW,63,STW,1,0.092,0.046,0,0,0
YORK NABURN/STW,BOTTON/STW,64,STW,1,0.042,0.021,0,0,0
BRADFORD ESHOLT/NO 2 STW,BRADFORD ESHOLT/NO 2 STW,65,STC,4,75,25,23,31,50
YORK NABURN/STW,BRANDESBURTON/STW,66,STW,1,0.322,0.161,0,0,0
YORK NABURN/STW,BRANDSBY/STW,67,STW,1,0.002,0.001,0,0,0
KNOSTROP/STW,BRAWBY/STW,68,STW,1,0.022,0.011,0,0,0
HULL/STW,BRAYTON JUNCTION/STW,69,STW,1,0.002,0.001,0,0,0
HULL/STW,BRENTWOOD/STW,70,STW,1,0.02,0.01,0,0,0
BRIDLINGTON/STW,BRIDLE COTTAGE/STW,71,STW,1,0.02,0.01,0,0,0
BRIDLINGTON/STW,BRIDLINGTON/STW,72,STC,4,8,3.369,3.1,0,4.631
HUDDERSFIELD/NO 2 STF,HUDDERSFIELD/NO 2 STF,73,STC,4,55,20.187,9.3,19.8,34.813
BRADFORD ESHOLT/NO 2 STW,BROUGHTON/STW,74,STW,1,0.014,0.007,0,0,0
HULL/STW,BRYHERSTONES/STW,75,STW,1,0.02,0.01,0,0,0
YORK NABURN/STW,BUBWITH/STW,76,STW,1,0.138,0.069,0,0,0
BRADFORD ESHOLT/NO 2 STW,BUCKDEN/STW,77,STW,1,0.024,0.012,0,0,0
YORK NABURN/STW,BUGTHORPE/STW,78,STW,1,0.012,0.006,0,0,0
YORK NABURN/STW,BURLEY IN WHARFEDALE/STW,79,STW,1,1.722,0.861,0,0,0
BRADFORD ESHOLT/NO 2 STW,BURN/STW,80,STW,1,0.048,0.024,0,0,0
KNOSTROP/STW,BURNSALL/STW,81,STW,1,0.022,0.011,0,0,0
BRADFORD ESHOLT/NO 2 STW,BURRILL/NO 2 STW,82,STW,1,0.004,0.002,0,0,0
BRADFORD ESHOLT/NO 2 STW,BURTERSETT/STW,83,STW,1,0.018,0.009,0,0,0
BRADFORD ESHOLT/NO 2 STW,BURTON AGNES SOUTH/STW,84,STW,1,0.01,0.005,0,0,0
BRIDLINGTON/STW,BURTON AGNES/STW,85,STW,1,0.012,0.006,0,0,0
BRIDLINGTON/STW,BURTON FLEMING/STW,86,STW,1,0.026,0.013,0,0,0
BRIDLINGTON/STW,BURTON PIDSEA/STW,87,STW,1,0.122,0.061,0,0,0
HULL/STW,BURYTHORPE/STW,88,STW,1,0.022,0.011,0,0,0
YORK NABURN/STW,BUTTERCRAMBE/STW,89,STW,1,0.002,0.001,0,0,0
YORK NABURN/STW,CADEBY/STW,90,STW,1,0.028,0.014,0,0,0
CALDER VALE/STW,CALDER VALE/STW,91,STC,4,14.5,8.57,4.65,0,5.93
HUDDERSFIELD/NO 2 STF,CARLECOTES/STW,92,STW,1,0.008,0.004,0,0,0
KNOSTROP/STW,CARLETON/STW,93,STF/T,2,0.896,0.448,1,0,0.448
BRADFORD ESHOLT/NO 2 STW,CARLTON HUSTHWAITE/STW,94,STW,1,0.02,0.01,0,0,0
BRADFORD ESHOLT/NO 2 STW,CARLTON MELMERBY/STW,95,STW,1,0.042,0.021,0,0,0
BRADFORD ESHOLT/NO 2 STW,CARPERBY/STW,96,STW,1,0.036,0.018,0,0,0
BRADFORD ESHOLT/NO 2 STW,CARTHORPE/STW,97,STW,1,0.134,0.067,0,0,0
BRADFORD ESHOLT/NO 2 STW,CASTLE BOLTON/STW,98,STW,1,0.06,0.03,0,0,0
KNOSTROP/STW,CASTLEFORD/STW,99,STF/D,3,4.159463309,2.715,2,0,1.444463309
HULL/STW,CATFOSS/STW,100,STW,1,0.006,0.003,0,0,0
BRADFORD ESHOLT/NO 2 STW,CATTAL/STW,101,STW,1,0.01,0.005,0,0,0
BRADFORD ESHOLT/NO 2 STW,CATTERICK VILLAGE/STW,102,STW,1,0.322,0.161,0,0,0
BRADFORD ESHOLT/NO 2 STW,CATTON/STW,103,STW,1,0.01,0.005,0,0,0
LUNDWOOD/STW,CAWTHORNE/STW,104,STW,1,0.118,0.059,0,0,0
BRADFORD ESHOLT/NO 2 STW,CB TERRACE/STW,105,STW,1,0.002,0.001,0,0,0
KNOSTROP/STW,CHAPEL HADDLESEY/STW,106,STW,1,0.04,0.02,0,0,0
SANDALL/STW,CHAPEL LANE/STW,107,STW,1,0.008,0.004,0,0,0
LUNDWOOD/STW,CHEESEBOTTOM/STW,108,STW,1,1.776,0.888,0,0,0
HULL/STW,CHERRY BURTON/STW,109,STW,1,0.33,0.165,0,0,0
BLACKBURN MEADOWS/STW,CHESTERFIELD RD/STW,110,STW,1,0.004,0.002,0,0,0
CALDER VALE/STW,CHEVET TERRACE/NO 2 STW,111,STW,1,0.004,0.002,0,0,0
DEWSBURY/STW,CLAPHOUSE FOLD/STW,112,STW,1,0.002,0.001,0,0,0
YORK NABURN/STW,CLAXTON/STW,113,STW,1,0.026,0.013,0,0,0
DEWSBURY/STW,CLAYTON WEST/STW,114,STW,1,3.002,1.501,0,0,0
KNOSTROP/STW,CLAYTON/STW,115,STW,1,0.03,0.015,0,0,0
ALDWARKE/STW,CLIFTON/STW,116,STW,1,0.024,0.012,0,0,0
BRADFORD ESHOLT/NO 2 STW,COLBURN/STW,117,STF/D,3,4.931506849,1.282,4,0,3.649506849
CALDER VALE/STW,COLD HIENDLEY/STW,118,STW,1,0.792,0.396,0,0,0
BRADFORD ESHOLT/NO 2 STW,COLD KIRBY/NO 2 STW,119,STW,1,0.006,0.003,0,0,0
YORK NABURN/STW,COMMONDALE/STW,120,STW,1,0.01,0.005,0,0,0
YORK NABURN/STW,CONEYSTHORPE/STW,121,STW,1,0.032,0.016,0,0,0
BRADFORD ESHOLT/NO 2 STW,CONISTON COLD/STW,122,STW,1,0.006,0.003,0,0,0
BRADFORD ESHOLT/NO 2 STW,CONISTONE/STW,123,STW,1,0.014,0.007,0,0,0
BRADFORD ESHOLT/NO 2 STW,CONSTABLE BURTON/STW,124,STW,1,0.018,0.009,0,0,0
HULL/STW,CORNER COTTAGE/STW,125,STW,1,0.02,0.01,0,0,0
HULL/STW,COUNCIL HOUSES/STW,126,STW,1,0.02,0.01,0,0,0
BRADFORD ESHOLT/NO 2 STW,COUNTERSETT/STW,127,STW,1,0.002,0.001,0,0,0
BRADFORD ESHOLT/NO 2 STW,COWESBY/STW,128,STW,1,0.004,0.002,0,0,0
DEWSBURY/STW,COXLEY LANE/STW,129,STW,1,0.006,0.003,0,0,0
YORK NABURN/STW,COXWOLD/STW,130,STW,1,0.024,0.012,0,0,0
BRADFORD ESHOLT/NO 2 STW,CRAKEHALL/STW,131,STW,1,0.072,0.036,0,0,0
YORK NABURN/STW,CRAMBE/STW,132,STW,1,0.002,0.001,0,0,0
YORK NABURN/STW,CRAMBECK VILLAGE/STW,133,STW,1,0.024,0.012,0,0,0
LUNDWOOD/STW,CRANE MOOR/STW,134,STW,1,0.086,0.043,0,0,0
YORK NABURN/STW,CRAYKE/STW,135,STW,1,0.056,0.028,0,0,0
KNOSTROP/STW,CRIDLING STUBBS/STW,136,STW,1,0.022,0.011,0,0,0
CALDER VALE/STW,CROFTON/STW,137,STW,1,1.24,0.62,0,0,0
HUDDERSFIELD/NO 2 STF,CROW EDGE/STW,138,STW,1,0.04,0.02,0,0,0
KNOSTROP/STW,CUDWORTH/NO 2 STW,139,STW,1,1.27,0.635,0,0,0
BRADFORD ESHOLT/NO 2 STW,CUNDALL/STW,140,STW,1,0.016,0.008,0,0,0
BRADFORD ESHOLT/NO 2 STW,DALTON ELDMIRE/STW,141,STF/T,2,0.36,0.18,1,0,0.18
BRADFORD ESHOLT/NO 2 STW,DANBY WISKE/STW,142,STW,1,0.02,0.01,0,0,0
YORK NABURN/STW,DANBY/STW,143,STW,1,0.132,0.066,0,0,0
OLD WHITTINGTON/STW,DANESMOOR/STW,144,STW,1,0.952,0.476,0,0,0
KNOSTROP/STW,DARFIELD/NO 2 STW,145,STF/T,2,1.192,0.596,1,0,0.596
BRADFORD ESHOLT/NO 2 STW,DARLEY/STW,146,STW,1,0.276,0.138,0,0,0
KNOSTROP/STW,DARTON/STW,147,STW,1,3.332,1.666,0,0,0
CALDER VALE/STW,DAW LANE/STW,148,STW,1,0.02,0.01,0,0,0
YORK NABURN/STW,DEIGHTON GROVE/STW,149,STW,1,0.004,0.002,0,0,0
ALDWARKE/STW,DENABY/STW,150,STF/T,2,4.146,2.073,1,0,2.073
BRADFORD ESHOLT/NO 2 STW,DENHOLME/NO 2 STW,151,STW,1,0.46,0.23,0,0,0
DEWSBURY/STW,DEWSBURY/STW,152,STC,4,30,22.653,2.48,0,7.347
YORK NABURN/STW,DISHFORTH/STW,153,STW,1,0.088,0.044,0,0,0
BRADFORD ESHOLT/NO 2 STW,DOWLEY GAP/STW,154,STW,1,5.138,2.569,0,0,0
BRADFORD ESHOLT/NO 2 STW,DOWNHOLME/STW,155,STW,1,0.006,0.003,0,0,0
BRADFORD ESHOLT/NO 2 STW,DRAUGHTON/STW,156,STW,1,0.048,0.024,0,0,0
KNOSTROP/STW,DRAX/STW,157,STW,1,0.048,0.024,0,0,0
HULL/STW,DRIFFIELD/STW,158,STF/T,2,2.032,1.016,1,0,1.016
OLD WHITTINGTON/STW,DRONFIELD/STW,159,STW,1,3.62,1.81,0,0,0
YORK NABURN/STW,DUGGLEBY/STW,160,STW,1,0.024,0.012,0,0,0
HUDDERSFIELD/NO 2 STF,DUNFORD BRIDGE/STW,161,STW,1,0.006,0.003,0,0,0
BLACKBURN MEADOWS/STW,DUNGWORTH/STW,162,STW,1,0.004,0.002,0,0,0
BRADFORD ESHOLT/NO 2 STW,DUNKESWICK/STW,163,STW,1,0.004,0.002,0,0,0
BRADFORD ESHOLT/NO 2 STW,EARBY/STW,164,STW,1,1.028,0.514,0,0,0
HULL/STW,EASINGTON/STW,165,STW,1,0.108,0.054,0,0,0
YORK NABURN/STW,EASINGWOLD/STW,166,STW,1,0.79,0.395,0,0,0
YORK NABURN/STW,EAST BARNBY/STW,167,STW,1,0.01,0.005,0,0,0
BRADFORD ESHOLT/NO 2 STW,EAST CARLTON/STW,168,STW,1,0.006,0.003,0,0,0
BRADFORD ESHOLT/NO 2 STW,EAST COWTON/STW,169,STW,1,0.068,0.034,0,0,0
BRADFORD ESHOLT/NO 2 STW,EAST HAUXWELL/STW,170,STW,1,0.006,0.003,0,0,0
HULL/STW,EAST HESLERTON/STW,171,STW,1,0.046,0.023,0,0,0
BRADFORD ESHOLT/NO 2 STW,EAST MARTON/STW,172,STW,1,0.03,0.015,0,0,0
HUDDERSFIELD/NO 2 STF,EASTWOOD/STW,173,STW,1,1.994,0.997,0,0,0
KNOSTROP/STW,ECCUP/STW,174,STW,1,0.002,0.001,0,0,0
KNOSTROP/STW,ECCUP/WTW STW,175,STW,1,0.02,0.01,0,0,0
YORK NABURN/STW,EGGBOROUGH/STW,176,STW,1,0.77,0.385,0,0,0
YORK NABURN/STW,EGTON BRIDGE/STW,177,STW,1,0.048,0.024,0,0,0
BRADFORD ESHOLT/NO 2 STW,ELLERBECK/STW,178,STW,1,0.002,0.001,0,0,0
HULL/STW,ELLERKER/NO 2 STW,179,STW,1,1.422,0.711,0,0,0
YORK NABURN/STW,ELLERTON/STW,180,STW,1,0.006,0.003,0,0,0
BRADFORD ESHOLT/NO 2 STW,ELLINGSTRING/STW,181,STW,1,0.006,0.003,0,0,0
YORK NABURN/STW,ELVINGTON/STW,182,STW,1,0.172,0.086,0,0,0
YORK NABURN/STW,ELVINGTON/WTW STW,183,STW,1,0.02,0.01,0,0,0
BRADFORD ESHOLT/NO 2 STW,EMBSAY/STW,184,STW,1,1.43,0.715,0,0,0
YORK NABURN/STW,ESCRICK/STW,185,STW,1,0.236,0.118,0,0,0
BLACKBURN MEADOWS/STW,EWDEN VILLAGE/STW,186,STW,1,0.006,0.003,0,0,0
YORK NABURN/STW,FARLINGTON/STW,187,STW,1,0.006,0.003,0,0,0
BRADFORD ESHOLT/NO 2 STW,FEARBY/STW,188,STW,1,0.026,0.013,0,0,0
BRADFORD ESHOLT/NO 2 STW,FELIXKIRK PIPER HILL/STW,189,STW,1,0.002,0.001,0,0,0
HULL/STW,FILEY/STW,190,STF/T,2,1.484,0.742,1,0,0.742
BRADFORD ESHOLT/NO 2 STW,FINGHALL/STW,191,STW,1,0.024,0.012,0,0,0
YORK NABURN/STW,FIRBY/STW,192,STW,1,0.004,0.002,0,0,0
BRIDLINGTON/STW,FLAMBOROUGH VILLAGE/STW,193,STF/T,2,0.706,0.353,1,0,0.353
BRADFORD ESHOLT/NO 2 STW,FLAPPIT SPRING/STW,194,STW,1,0.004,0.002,0,0,0
YORK NABURN/STW,FLASK INN/STW,195,STW,1,0.042,0.021,0,0,0
BRADFORD ESHOLT/NO 2 STW,FLAWITH/STW,196,STW,1,0.006,0.003,0,0,0
YORK NABURN/STW,FLAXTON/STW,197,STW,1,0.034,0.017,0,0,0
KNOSTROP/STW,FOGGATHORPE/STW,198,STW,1,0.026,0.013,0,0,0
HULL/STW,FOLKTON/STW,199,STW,1,0.396,0.198,0,0,0
HULL/STW,FOSTON ON THE WOLDS/STW,200,STW,1,0.002,0.001,0,0,0
YORK NABURN/STW,FOSTON/STW,201,STW,1,0.05,0.025,0,0,0
BRADFORD ESHOLT/NO 2 STW,FOULRIDGE/STW,202,STW,1,0.166,0.083,0,0,0
HULL/STW,FOXHOLES/STW,203,STW,1,0.032,0.016,0,0,0
YORK NABURN/STW,FRIDAYTHORPE/STW,204,STW,1,0.044,0.022,0,0,0
YORK NABURN/STW,GANTON/STW,205,STW,1,0.022,0.011,0,0,0
DEWSBURY/STW,GARFORTH/STW,206,STW,1,6.13,3.065,0,0,0
BRADFORD ESHOLT/NO 2 STW,GARGRAVE/STW,207,STW,1,0.294,0.147,0,0,0
HULL/STW,GARTON WOLDS/STW,208,STW,1,0.036,0.018,0,0,0
BRADFORD ESHOLT/NO 2 STW,GAYLES/STW,209,STW,1,0.028,0.014,0,0,0
HUDDERSFIELD/NO 2 STF,GIBB LANE/STW,210,STW,1,0.004,0.002,0,0,0
HULL/STW,GILBERDYKE/STW,211,STW,1,0.442,0.221,0,0,0
YORK NABURN/STW,GILLAMOOR/STW,212,STW,1,0.032,0.016,0,0,0
YORK NABURN/STW,GILLING EAST/STW,213,STW,1,0.036,0.018,0,0,0
BRADFORD ESHOLT/NO 2 STW,GILLING WEST/STW,214,STW,1,0.052,0.026,0,0,0
YORK NABURN/STW,GLAISDALE/STW,215,STW,1,0.06,0.03,0,0,0
YORK NABURN/STW,GOATHLAND/NO 3 STW,216,STW,1,0.054,0.027,0,0,0
DEWSBURY/STW,GOOLE RAWCLIFFE/STW,217,STW,1,0.256,0.128,0,0,0
KNOSTROP/STW,GOOLE/STW,218,STF/D,3,2.78500667,1.471,0,0,0
DEWSBURY/STW,GRANGE LANE/STW,219,STW,1,0.004,0.002,0,0,0
BRADFORD ESHOLT/NO 2 STW,GRANTLEY/STW,220,STW,1,0.014,0.007,0,0,0
BRADFORD ESHOLT/NO 2 STW,GRASSINGTON/STW,221,STW,1,0.284,0.142,0,0,0
YORK NABURN/STW,GREAT BARUGH/STW,222,STW,1,0.006,0.003,0,0,0
YORK NABURN/STW,GREAT EDSTONE/STW,223,STW,1,0.02,0.01,0,0,0
YORK NABURN/STW,GREAT HABTON/STW,224,STW,1,0.026,0.013,0,0,0
HULL/STW,GREAT HATFIELD/NO 2 STW,225,STW,1,0.018,0.009,0,0,0
BRADFORD ESHOLT/NO 2 STW,GREAT LANGTON/STW,226,STW,1,0.012,0.006,0,0,0
BRADFORD ESHOLT/NO 2 STW,GREAT SMEATON/NO 1 STW,227,STW,1,0.03,0.015,0,0,0
BRADFORD ESHOLT/NO 2 STW,GREAT SMEATON/NO 2 STW,228,STW,1,0.002,0.001,0,0,0
LUNDWOOD/STW,GRIMETHORPE/STW,229,STW,1,1.826,0.913,0,0,0
HULL/STW,GRIMSTON/STW,230,STW,1,0.004,0.002,0,0,0
BRADFORD ESHOLT/NO 2 STW,GRIMWITH/STW,231,STW,1,0.02,0.01,0,0,0
BRADFORD ESHOLT/NO 2 STW,GRINTON EAST/STW,232,STW,1,0.006,0.003,0,0,0
BRADFORD ESHOLT/NO 2 STW,GRINTON WEST/STW,233,STW,1,0.002,0.001,0,0,0
YORK NABURN/STW,GROSMONT/STW,234,STW,1,0.044,0.022,0,0,0
BRADFORD ESHOLT/NO 2 STW,GUNNERSIDE/NO 2 STW,235,STW,1,0.028,0.014,0,0,0
BRADFORD ESHOLT/NO 2 STW,HACKFORTH/NO 2 STW,236,STW,1,0.012,0.006,0,0,0
LUNDWOOD/STW,HAIGH LANE/STW,237,STW,1,0.004,0.002,0,0,0
DEWSBURY/STW,HAIGH/STW,238,STW,1,0.022,0.011,0,0,0
BRIDLINGTON/STW,HAISTHORPE/STW,239,STW,1,0.012,0.006,0,0,0
HUDDERSFIELD/NO 2 STF,HALIFAX COPLEY/STW,240,STF/D,3,27.84588149,13.33,0,0,0
BRADFORD ESHOLT/NO 2 STW,HALLAS BRIDGE/STW,241,STW,1,0.004,0.002,0,0,0
KNOSTROP/STW,HAMBLETON/STW,242,STW,1,0.644,0.322,0,0,0
HUDDERSFIELD/NO 2 STF,HARDEN/STW,243,STW,1,0.002,0.001,0,0,0
BRADFORD ESHOLT/NO 2 STW,HARDRAW/STW,244,STW,1,0.008,0.004,0,0,0
YORK NABURN/STW,HARDSTRUGGLE COTTAGE/STW,245,STW,1,0.002,0.001,0,0,0
BRADFORD ESHOLT/NO 2 STW,HARECROFT/STW,246,STW,1,0.016,0.008,0,0,0
KNOSTROP/STW,HARLEY/STW,247,STW,1,0.09,0.045,0,0,0
ALDWARKE/STW,HARLINGTON/STW,248,STW,1,0.304,0.152,0,0,0
YORK NABURN/STW,HAROME/STW,249,STW,1,0.224,0.112,0,0,0
BRADFORD ESHOLT/NO 2 STW,HARROGATE NORTH/STW,250,STF/T,2,7.036,3.518,1,0,3.518
YORK NABURN/STW,HARROGATE SOUTH/STW,251,STF/D,3,4.510997752,2.537,0,0,0
SANDALL/STW,HARTON/STW,252,STW,1,0.012,0.006,0,0,0
YORK NABURN/STW,HAWES/STW,253,STW,1,0.188,0.094,0,0,0
YORK NABURN/STW,HAXBY WALBUTTS/STW,254,STW,1,2.884,1.442,0,0,0
HULL/STW,HAYBURN WYKE HOTEL/STW,255,STW,1,0.02,0.01,0,0,0
YORK NABURN/STW,HAYTON/STW,256,STW,1,0.008,0.004,0,0,0
BRADFORD ESHOLT/NO 2 STW,HEALAUGH REETH/STW,257,STW,1,0.006,0.003,0,0,0
YORK NABURN/STW,HEALAUGH TADCASTER/STW,258,STW,1,0.014,0.007,0,0,0
BRADFORD ESHOLT/NO 2 STW,HEBDEN/STW,259,STW,1,0.032,0.016,0,0,0
HULL/STW,HEDON/STW,260,STW,1,0.784,0.392,0,0,0
YORK NABURN/STW,HELMSLEY/STW,261,STW,1,0.256,0.128,0,0,0
YORK NABURN/STW,HELPERBY/STW,262,STW,1,0.096,0.048,0,0,0
KNOSTROP/STW,HEMINGBROUGH/NO 2 STW,263,STW,1,0.288,0.144,0,0,0
BRADFORD ESHOLT/NO 2 STW,HETTON/STW,264,STW,1,0.052,0.026,0,0,0
BLACKBURN MEADOWS/STW,HIGH BRADFIELD/STW,265,STW,1,0.006,0.003,0,0,0
LUNDWOOD/STW,HIGH HOYLAND/STW,266,STW,1,0.008,0.004,0,0,0
KNOSTROP/STW,HIGH MELTON/STW,267,STW,1,0.014,0.007,0,0,0
HUDDERSFIELD/NO 2 STF,HIGH ROYD/NO 2 STW,268,STW,1,1.478,0.739,0,0,0
YORK NABURN/STW,HILL VIEW/STW,269,STW,1,0.02,0.01,0,0,0
KNOSTROP/STW,HILLAM/STW,270,STW,1,0.268,0.134,0,0,0
YORK NABURN/STW,HINDERWELL/STW,271,STW,1,0.298,0.149,0,0,0
BRADFORD ESHOLT/NO 2 STW,HOLLINGWELL HILL/STW,272,STW,1,0.006,0.003,0,0,0
HULL/STW,HOLLYM/STW,273,STW,1,0.012,0.006,0,0,0
LUNDWOOD/STW,HOLME HOUSE/STW,274,STW,1,0.02,0.01,0,0,0
YORK NABURN/STW,HOLME ON SPALDING MR/STW,275,STW,1,0.424,0.212,0,0,0
HULL/STW,HOLME ON THE WOLDS/STW,276,STW,1,0.004,0.002,0,0,0
OLD WHITTINGTON/STW,HOLMESFIELD/STW,277,STW,1,0.064,0.032,0,0,0
HULL/STW,HOLMPTON/STW,278,STW,1,0.01,0.005,0,0,0
YORK NABURN/STW,HOLTBY/STW,279,STW,1,0.02,0.01,0,0,0
LUNDWOOD/STW,HOOD GREEN/STW,280,STW,1,0.03,0.015,0,0,0
SANDALL/STW,HOOK/STW,281,STW,1,0.128,0.064,0,0,0
KNOSTROP/STW,HOOTON PAGNELL/STW,282,STW,1,0.028,0.014,0,0,0
ALDWARKE/STW,HOOTON ROBERTS/STW,283,STW,1,0.018,0.009,0,0,0
DEWSBURY/STW,HORBURY/STW,284,STW,1,2.204,1.102,0,0,0
BRADFORD ESHOLT/NO 2 STW,HORNBY/STW,285,STW,1,0.006,0.003,0,0,0
HULL/STW,HORNSEA/STW,286,STF/T,2,1.4,0.7,1,0,0.7
CALDER VALE/STW,HORSE + GROOM/STW,287,STW,1,0.002,0.001,0,0,0
BRADFORD ESHOLT/NO 2 STW,HORSEHOUSE/STW,288,STW,1,0.006,0.003,0,0,0
YORK NABURN/STW,HOVINGHAM/STW,289,STW,1,0.056,0.028,0,0,0
HULL/STW,HOWDEN/STW,290,STW,1,0.756,0.378,0,0,0
BRADFORD ESHOLT/NO 2 STW,HOWE/STW,291,STW,1,0.002,0.001,0,0,0
YORK NABURN/STW,HOWSHAM/STW,292,STW,1,0.004,0.002,0,0,0
LUNDWOOD/STW,HOYLANDSWAINE/STW,293,STW,1,0.138,0.069,0,0,0
BRADFORD ESHOLT/NO 2 STW,HUDSWELL/STW,294,STW,1,0.038,0.019,0,0,0
HULL/STW,HUGGATE/STW,295,STW,1,0.03,0.015,0,0,0
HULL/STW,HULL/STW,296,STC,4,64.8,33.736,12.4,19.8,31.064
HULL/STW,HUMBLETON/STW,297,STW,1,0.01,0.005,0,0,0
OLD WHITTINGTON/STW,HUNDALL/STW,298,STW,1,0.004,0.002,0,0,0
HULL/STW,HUNMANBY/STW,299,STW,1,0.386,0.193,0,0,0
YORK NABURN/STW,HUNSINGORE/STW,300,STW,1,0.032,0.016,0,0,0
BRADFORD ESHOLT/NO 2 STW,HUNTON/STW,301,STW,1,0.054,0.027,0,0,0
YORK NABURN/STW,HUSTHWAITE/STW,302,STW,1,0.05,0.025,0,0,0
YORK NABURN/STW,HUTTON LE HOLE/STW,303,STW,1,0.022,0.011,0,0,0
YORK NABURN/STW,HUTTONS AMBO/STW,304,STW,1,0.02,0.01,0,0,0
BRADFORD ESHOLT/NO 2 STW,ILKLEY/STW,305,STW,1,2.142,1.071,0,0,0
LUNDWOOD/STW,INGBIRCHWORTH/BIO STW,306,STW,1,0.002,0.001,0,0,0
DEWSBURY/STW,INGBIRCHWORTH/NO 2 STW,307,STW,1,1.674,0.837,0,0,0
BRADFORD ESHOLT/NO 2 STW,INGLEBY ARNCLIFFE/STW,308,STW,1,0.034,0.017,0,0,0
BRADFORD ESHOLT/NO 2 STW,KEARBY/STW,309,STW,1,0.132,0.066,0,0,0
BRADFORD ESHOLT/NO 2 STW,KEIGHLEY MARLEY/STW,310,STW,1,15.174,7.587,0,0,0
BRADFORD ESHOLT/NO 2 STW,KELD/STW,311,STW,1,0.006,0.003,0,0,0
YORK NABURN/STW,KELDSYKE/STW,312,STW,1,0.02,0.01,0,0,0
YORK NABURN/STW,KELFIELD/STW,313,STW,1,0.238,0.119,0,0,0
BRADFORD ESHOLT/NO 2 STW,KETTLEWELL/STW,314,STW,1,0.058,0.029,0,0,0
YORK NABURN/STW,KEXBY/STW,315,STW,1,0.008,0.004,0,0,0
HULL/STW,KEYINGHAM/STW,316,STW,1,0.322,0.161,0,0,0
BRADFORD ESHOLT/NO 2 STW,KILBURN/STW,317,STW,1,0.028,0.014,0,0,0
HULL/STW,KILHAM/STW,318,STW,1,0.138,0.069,0,0,0
BRADFORD ESHOLT/NO 2 STW,KILLINGHALL/STW,319,STW,1,0.474,0.237,0,0,0
CALDER VALE/STW,KINGS ARMS/STW,320,STW,1,0.002,0.001,0,0,0
BRADFORD ESHOLT/NO 2 STW,KIRBY KNOWLE/STW,321,STW,1,0.002,0.001,0,0,0
YORK NABURN/STW,KIRBY MISPERTON/STW,322,STW,1,0.026,0.013,0,0,0
BRADFORD ESHOLT/NO 2 STW,KIRBY SIGSTON/STW,323,STW,1,0.02,0.01,0,0,0
BRADFORD ESHOLT/NO 2 STW,KIRK HAMMERTON/STW,324,STW,1,0.254,0.127,0,0,0
KNOSTROP/STW,KIRK SMEATON/STW,325,STW,1,0.104,0.052,0,0,0
BRADFORD ESHOLT/NO 2 STW,KIRKBY FLEETHAM/STW,326,STW,1,0.056,0.028,0,0,0
BRADFORD ESHOLT/NO 2 STW,KIRKBY MALHAM/STW,327,STW,1,0.012,0.006,0,0,0
BRADFORD ESHOLT/NO 2 STW,KIRKBY MALZEARD/STW,328,STW,1,0.274,0.137,0,0,0
YORK NABURN/STW,KIRKBYMOORSIDE/STW,329,STW,1,0.404,0.202,0,0,0
BRADFORD ESHOLT/NO 2 STW,KIRKLINGTON/STW,330,STW,1,0.03,0.015,0,0,0
LUNDWOOD/STW,KNABBS LANE/STW,331,STW,1,0.002,0.001,0,0,0
BRADFORD ESHOLT/NO 2 STW,KNARESBOROUGH/STW,332,STW,1,2.248,1.124,0,0,0
KNOSTROP/STW,KNOSTROP/STW,333,STC,4,115,54.334,21.7,44,60.666
BRADFORD ESHOLT/NO 2 STW,LANE HEAD/STW,334,STW,1,0.004,0.002,0,0,0
LUNDWOOD/STW,LANGSETT/STW,335,STW,1,0.008,0.004,0,0,0
BRADFORD ESHOLT/NO 2 STW,LANGTHORNE/NO 2 STW,336,STW,1,0.002,0.001,0,0,0
BRADFORD ESHOLT/NO 2 STW,LANGTHWAITE/STW,337,STW,1,0.014,0.007,0,0,0
HULL/STW,LANGTOFT/STW,338,STW,1,0.068,0.034,0,0,0
YORK NABURN/STW,LASTINGHAM/STW,339,STW,1,0.022,0.011,0,0,0
KNOSTROP/STW,LEA BROOK/STW,340,STW,1,0.01,0.005,0,0,0
YORK NABURN/STW,LEALHOLM/STW,341,STW,1,0.02,0.01,0,0,0
YORK NABURN/STW,LEAVENING/STW,342,STW,1,0.044,0.022,0,0,0
HULL/STW,LECONFIELD/STW,343,STW,1,0.264,0.132,0,0,0
HUDDERSFIELD/NO 2 STF,LEE LANE/STW,344,STW,1,0.012,0.006,0,0,0
BRADFORD ESHOLT/NO 2 STW,LEEMING BAR/STW,345,STW,1,1.398,0.699,0,0,0
BRADFORD ESHOLT/NO 2 STW,LEIGHTON COTTAGES/STW,346,STW,1,0.02,0.01,0,0,0
HULL/STW,LELLEY/STW,347,STW,1,0.006,0.003,0,0,0
KNOSTROP/STW,LEMONROYD/STW,348,STF/T,2,4.758,2.379,1,0,2.379
HULL/STW,LEVEN/STW,349,STW,1,0.33,0.165,0,0,0
BRADFORD ESHOLT/NO 2 STW,LEYBURN/STW,350,STW,1,0.5,0.25,0,0,0
SANDALL/STW,LINDHOLME/STW,351,STW,1,0.384,0.192,0,0,0
BRADFORD ESHOLT/NO 2 STW,LINDLEY LODGE/STW,352,STW,1,0.02,0.01,0,0,0
YORK NABURN/STW,LINTON ON OUSE/STW,353,STW,1,0.314,0.157,0,0,0
YORK NABURN/STW,LITTLE BARUGH/STW,354,STW,1,0.006,0.003,0,0,0
HUDDERSFIELD/NO 2 STF,LITTLE LEPTON/STW,355,STW,1,0.004,0.002,0,0,0
HUDDERSFIELD/NO 2 STF,LIVERSEDGE CEMETERY/2 STW,356,STW,1,0.02,0.01,0,0,0
HULL/STW,LOCKINGTON/STW,357,STW,1,0.136,0.068,0,0,0
YORK NABURN/STW,LOCKTON/STW,358,STW,1,0.004,0.002,0,0,0
BRADFORD ESHOLT/NO 2 STW,LOFTHOUSE/STW,359,STW,1,0.02,0.01,0,0,0
BLACKBURN MEADOWS/STW,LONG LANE/STW,360,STF/T,2,3.14,1.57,1,0,1.57
BRADFORD ESHOLT/NO 2 STW,LONG MARSTON/STW,361,STW,1,0.074,0.037,0,0,0
HULL/STW,LONG RISTON NORTH/STW,362,STW,1,0.104,0.052,0,0,0
BRADFORD ESHOLT/NO 2 STW,LOTHERSDALE/STW,363,STW,1,0.044,0.022,0,0,0
BRADFORD ESHOLT/NO 2 STW,LOVESOME HILL/STW,364,STW,1,0.02,0.01,0,0,0
KNOSTROP/STW,LOW COMMON/STW,365,STW,1,0.01,0.005,0,0,0
LUNDWOOD/STW,LUNDWOOD/STW,366,STC,4,12,5.666,3.1,0,6.334
BRADFORD ESHOLT/NO 2 STW,MALHAM/NO 2 STW,367,STW,1,0.032,0.016,0,0,0
YORK NABURN/STW,MALTON/STW,368,STF/T,2,6.96,1.62,4,0,5.34
HULL/STW,MANOR HOUSE/STW,369,STW,1,0.02,0.01,0,0,0
YORK NABURN/STW,MARKET WEIGHTON/NO 2 STW,370,STF/T,2,1.04,0.52,1,0,0.52
BRADFORD ESHOLT/NO 2 STW,MARKINGTON/STW,371,STW,1,0.084,0.042,0,0,0
BRADFORD ESHOLT/NO 2 STW,MARSKE/STW,372,STW,1,0.006,0.003,0,0,0
BRADFORD ESHOLT/NO 2 STW,MARTON LE MOOR/STW,373,STW,1,0.026,0.013,0,0,0
YORK NABURN/STW,MARTON/STW,374,STW,1,0.008,0.004,0,0,0
BRADFORD ESHOLT/NO 2 STW,MASHAM/STW,375,STW,1,0.398,0.199,0,0,0
BRADFORD ESHOLT/NO 2 STW,MAUNBY/STW,376,STW,1,0.12,0.06,0,0,0
YORK NABURN/STW,MELBOURNE/STW,377,STW,1,0.378,0.189,0,0,0
HUDDERSFIELD/NO 2 STF,MELTHAM/STW,378,STW,1,1.116,0.558,0,0,0
SANDALL/STW,MELTON COLLEGE/STW,379,STW,1,0.562,0.281,0,0,0
HULL/STW,MELTON/STW,380,STW,1,1.734,0.867,0,0,0
ALDWARKE/STW,MEXBORO SWINTON/STW,381,STF/T,2,2.482,1.241,1,0,1.241
YORK NABURN/STW,MICKLEBY/STW,382,STW,1,0.018,0.009,0,0,0
KNOSTROP/STW,MICKLEFIELD/NO 2 STW,383,STW,1,0.276,0.138,0,0,0
BRADFORD ESHOLT/NO 2 STW,MIDDLESMOOR/STW,384,STW,1,0.012,0.006,0,0,0
BRADFORD ESHOLT/NO 2 STW,MIDDLETON QUERNHOW/STW,385,STW,1,0.002,0.001,0,0,0
BRADFORD ESHOLT/NO 2 STW,MIDDLETON TYAS/NO 2 STW,386,STW,1,0.09,0.045,0,0,0
HULL/STW,MIDDLETON WOLDS/STW,387,STW,1,0.11,0.055,0,0,0
LUNDWOOD/STW,MIDHOPESTONES/STW,388,STW,1,0.002,0.001,0,0,0
LUNDWOOD/STW,MONKTON COLLIERY/NO 2 STW,389,STW,1,0.002,0.001,0,0,0
YORK NABURN/STW,MOOR MONKTON/STW,390,STW,1,0.002,0.001,0,0,0
BRADFORD ESHOLT/NO 2 STW,MOORCOCK INN/STW,391,STW,1,0.108,0.054,0,0,0
BRADFORD ESHOLT/NO 2 STW,MORTON ON SWALE/STW,392,STW,1,0.014,0.007,0,0,0
BRADFORD ESHOLT/NO 2 STW,MOULTON/STW,393,STW,1,0.014,0.007,0,0,0
BRADFORD ESHOLT/NO 2 STW,MUKER/NO 2 STW,394,STW,1,0.016,0.008,0,0,0
BRADFORD ESHOLT/NO 2 STW,MYTON ON SWALE/NO 2 STW,395,STW,1,0.01,0.005,0,0,0
HULL/STW,NAFFERTON/STW,396,STW,1,0.36,0.18,0,0,0
HUDDERSFIELD/NO 2 STF,NEILEY/STW,397,STF/D,3,3.38076921,2.733,0,0,0
BRADFORD ESHOLT/NO 2 STW,NESFIELD/STW,398,STW,1,0.002,0.001,0,0,0
BRADFORD ESHOLT/NO 2 STW,NETHER SILTON/STW,399,STW,1,0.008,0.004,0,0,0
HULL/STW,NEW ELLERBY/STW,400,STW,1,0.026,0.013,0,0,0
YORK NABURN/STW,NEWHOLM/STW,401,STW,1,0.016,0.008,0,0,0
BRADFORD ESHOLT/NO 2 STW,NEWSHAM/STW,402,STW,1,0.04,0.02,0,0,0
BRADFORD ESHOLT/NO 2 STW,NEWTON LE WILLOWS/STW,403,STW,1,0.076,0.038,0,0,0
YORK NABURN/STW,NEWTON RAWCLIFFE/STW,404,STW,1,0.02,0.01,0,0,0
LUNDWOOD/STW,NORCROFT/STW,405,STW,1,0.004,0.002,0,0,0
KNOSTROP/STW,NORMANTON/STW,406,STW,1,6.068,3.034,0,0,0
BRADFORD ESHOLT/NO 2 STW,NORTH COWTON/STW,407,STW,1,0.064,0.032,0,0,0
HULL/STW,NORTH DALTON/STW,408,STW,1,0.044,0.022,0,0,0
BRADFORD ESHOLT/NO 2 STW,NORTH DEIGHTON/STW,409,STW,1,0.218,0.109,0,0,0
YORK NABURN/STW,NORTH DUFFIELD/STW,410,STW,1,0.22,0.11,0,0,0
HULL/STW,NORTH FERRIBY/STW,411,STW,1,0.866,0.433,0,0,0
BRADFORD ESHOLT/NO 2 STW,NORTH STAINLEY/STW,412,STW,1,0.088,0.044,0,0,0
BRADFORD ESHOLT/NO 2 STW,NORTHALLERTON/STW,413,STF/T,2,3.648,0.894,4,0,2.754
BRADFORD ESHOLT/NO 2 STW,NORTON LE CLAY/STW,414,STW,1,0.006,0.003,0,0,0
SANDALL/STW,NORTON/NO 2 STW,415,STW,1,1.322,0.661,0,0,0
CALDER VALE/STW,NOTTON RAILWAY/STW,416,STW,1,0.004,0.002,0,0,0
CALDER VALE/STW,NOTTON VILLAGE/STW,417,STW,1,0.124,0.062,0,0,0
BRADFORD ESHOLT/NO 2 STW,NUN MONKTON/STW,418,STW,1,0.06,0.03,0,0,0
HULL/STW,NUNBURNHOLME/NO 3 STW,419,STW,1,0.008,0.004,0,0,0
HULL/STW,OAK COTTAGE/STW,420,STW,1,0.02,0.01,0,0,0
BRADFORD ESHOLT/NO 2 STW,OLD CHAPEL CATTAL/STW,421,STW,1,0.02,0.01,0,0,0
BRADFORD ESHOLT/NO 2 STW,OLD CHAPEL/STW,422,STW,1,0.02,0.01,0,0,0
LUNDWOOD/STW,OLD COTTAGES/STW,423,STW,1,0.002,0.001,0,0,0
HULL/STW,OLD ELLERBY/STW,424,STW,1,0.01,0.005,0,0,0
HULL/STW,OLD FARM CLOSE/STW,425,STW,1,0.02,0.01,0,0,0
OLD WHITTINGTON/STW,OLD WHITTINGTON/STW,426,STC,4,18.5,7.992,6.2,0,10.508
YORK NABURN/STW,OLDSTEAD/STW,427,STW,1,0.002,0.001,0,0,0
BRADFORD ESHOLT/NO 2 STW,ORNHAMS/STW,428,STW,1,0.02,0.01,0,0,0
BRADFORD ESHOLT/NO 2 STW,OSMOTHERLEY/STW,429,STW,1,0.064,0.032,0,0,0
BRADFORD ESHOLT/NO 2 STW,OSMOTHERLEY/WTW STW,430,STW,1,0.02,0.01,0,0,0
YORK NABURN/STW,OSWALDKIRK/STW,431,STW,1,0.028,0.014,0,0,0
BRADFORD ESHOLT/NO 2 STW,OTLEY/STW,432,STW,1,2.422,1.211,0,0,0
HULL/STW,OTTRINGHAM/STW,433,STW,1,0.052,0.026,0,0,0
BRADFORD ESHOLT/NO 2 STW,OUGHTERSHAW/STW,434,STW,1,0.002,0.001,0,0,0
YORK NABURN/STW,OULSTON/STW,435,STW,1,0.01,0.005,0,0,0
BRADFORD ESHOLT/NO 2 STW,OVER SILTON/STW,436,STW,1,0.008,0.004,0,0,0
BRADFORD ESHOLT/NO 2 STW,OXENHOPE/NO 2 STW,437,STW,1,0.296,0.148,0,0,0
BRADFORD ESHOLT/NO 2 STW,PATELEY BRIDGE/STW,438,STW,1,0.31,0.155,0,0,0
HULL/STW,PATRINGTON/STW,439,STW,1,0.354,0.177,0,0,0
YORK NABURN/STW,PICKERING/STW,440,STW,1,1.12,0.56,0,0,0
HUDDERSFIELD/NO 2 STF,PICKWOOD SCAR/STW,441,STW,1,0.002,0.001,0,0,0
YORK NABURN/STW,POCKLINGTON/STW,442,STW,1,1.564,0.782,0,0,0
BRADFORD ESHOLT/NO 2 STW,POOL/STW,443,STW,1,0.612,0.306,0,0,0
BRADFORD ESHOLT/NO 2 STW,PRESTON UNDER SCAR/STW,444,STW,1,0.024,0.012,0,0,0
DEWSBURY/STW,QUAKER BOTTOM/STW,445,STW,1,0.004,0.002,0,0,0
BRADFORD ESHOLT/NO 2 STW,RAINTON/STW,446,STW,1,0.05,0.025,0,0,0
BRADFORD ESHOLT/NO 2 STW,RASKELF/STW,447,STW,1,0.056,0.028,0,0,0
ALDWARKE/STW,RAVENFIELD/STW,448,STW,1,0.032,0.016,0,0,0
HULL/STW,RAVENSCAR/STW,449,STW,1,0.018,0.009,0,0,0
BRADFORD ESHOLT/NO 2 STW,RAVENSWORTH/STW,450,STW,1,0.03,0.015,0,0,0
KNOSTROP/STW,RAWCLIFFE BANKSIDE/STW,451,STW,1,0.056,0.028,0,0,0
KNOSTROP/STW,RAWCLIFFE COTTAGE/STW,452,STW,1,0.006,0.003,0,0,0
YORK NABURN/STW,RAWCLIFFE YORK/STW,453,STF/T,2,3.778,1.889,1,0,1.889
HUDDERSFIELD/NO 2 STF,REDACRE/NO 2 STW,454,STW,1,1.09,0.545,0,0,0
BLACKBURN MEADOWS/STW,REDMIRES/NO 1 STW,455,STW,1,0.002,0.001,0,0,0
BRADFORD ESHOLT/NO 2 STW,REETH/STW,456,STW,1,0.094,0.047,0,0,0
BRIDLINGTON/STW,REIGHTON/STW,457,STW,1,0.052,0.026,0,0,0
BLACKBURN MEADOWS/STW,RENISHAW/STW,458,STW,1,0.394,0.197,0,0,0
BRADFORD ESHOLT/NO 2 STW,RICHMOND/STW,459,STW,1,1.178,0.589,0,0,0
YORK NABURN/STW,RILLINGTON/STW,460,STW,1,0.176,0.088,0,0,0
BRADFORD ESHOLT/NO 2 STW,RIPON/NO 2 STW,461,STF/D,3,13.59245993,1.23,7.75,0,12.36245993
HUDDERSFIELD/NO 2 STF,RIPPONDEN/STW,462,STW,1,0.71,0.355,0,0,0
BLACKBURN MEADOWS/STW,RIVELIN/STW,463,STW,1,0.004,0.002,0,0,0
BRADFORD ESHOLT/NO 2 STW,ROMANBY/STW,464,STW,1,0.832,0.416,0,0,0
HULL/STW,ROOS/NO 2 STW,465,STW,1,0.136,0.068,0,0,0
YORK NABURN/STW,ROSEDALE ABBEY/STW,466,STW,1,0.052,0.026,0,0,0
YORK NABURN/STW,ROSEDALE/STW,467,STW,1,0.016,0.008,0,0,0
BRIDLINGTON/STW,RUDSTON/NO 2 STW,468,STW,1,0.006,0.003,0,0,0
YORK NABURN/STW,RUFFORTH/STW,469,STW,1,0.156,0.078,0,0,0
HULL/STW,RUSTON PARVA/STW,470,STW,1,0.008,0.004,0,0,0
YORK NABURN/STW,RYTHER/STW,471,STW,1,0.002,0.001,0,0,0
HUDDERSFIELD/NO 2 STF,SALTERHEBBLE/STW,472,STW,1,0.02,0.01,0,0,0
YORK NABURN/STW,SAND HUTTON/STW,473,STW,1,0.022,0.011,0,0,0
SANDALL/STW,SANDALL/STW,474,STC,4,14.5,6.184,6.2,0,8.316
HUDDERSFIELD/NO 2 STF,SANDY LANE/STW,475,STW,1,0.004,0.002,0,0,0
BRADFORD ESHOLT/NO 2 STW,SAWLEY/STW,476,STW,1,0.022,0.011,0,0,0
HUDDERSFIELD/NO 2 STF,SCAMMONDEN/STW,477,STW,1,0.01,0.005,0,0,0
HULL/STW,SCARBOROUGH/STW,478,STF/D,3,13.4804297,4.022,4.65,0,9.4584297
DEWSBURY/STW,SCOUT DIKE/STW,479,STW,1,0.006,0.003,0,0,0
YORK NABURN/STW,SCRAYINGHAM/STW,480,STW,1,0.012,0.006,0,0,0
BRADFORD ESHOLT/NO 2 STW,SCRUTON/STW,481,STW,1,0.052,0.026,0,0,0
HULL/STW,SEAMER/STW,482,STW,1,3.338,1.669,0,0,0
CALDER VALE/STW,SECKAR/STW,483,STW,1,0.008,0.004,0,0,0
BRADFORD ESHOLT/NO 2 STW,SEDBUSK/STW,484,STW,1,0.014,0.007,0,0,0
KNOSTROP/STW,SELBY BARLOW/NO 2 STW,485,STW,1,0.086,0.043,0,0,0
YORK NABURN/STW,SELBY/STW,486,STF/D,3,3.122994129,1.488,0,0,0
YORK NABURN/STW,SETTRINGTON/STW,487,STW,1,0.07,0.035,0,0,0
BRADFORD ESHOLT/NO 2 STW,SHAW MILLS/STW,488,STW,1,0.082,0.041,0,0,0
BRADFORD ESHOLT/NO 2 STW,SHAY GRANGE/STW,489,STW,1,0.002,0.001,0,0,0
KNOSTROP/STW,SHERBURN IN ELMET/STW,490,STW,1,2.044,1.022,0,0,0
YORK NABURN/STW,SHERBURN/STW,491,STW,1,0.112,0.056,0,0,0
YORK NABURN/STW,SHERIFF HUTTON/STW,492,STW,1,0.12,0.06,0,0,0
YORK NABURN/STW,SHIPTON/NO 2 STW,493,STW,1,0.118,0.059,0,0,0
LUNDWOOD/STW,SILKSTONE/STW,494,STW,1,0.454,0.227,0,0,0
BRADFORD ESHOLT/NO 2 STW,SINDERBY/STW,495,STW,1,0.074,0.037,0,0,0
YORK NABURN/STW,SINNINGTON/STW,496,STW,1,0.044,0.022,0,0,0
HULL/STW,SKEFFLING/STW,497,STW,1,0.01,0.005,0,0,0
BRADFORD ESHOLT/NO 2 STW,SKELTON/STW,498,STW,1,0.042,0.021,0,0,0
HULL/STW,SKIDBY/STW,499,STW,1,0.288,0.144,0,0,0
BRIDLINGTON/STW,SKIPSEA/STW,500,STW,1,0.466,0.233,0,0,0
BRADFORD ESHOLT/NO 2 STW,SKIPTON ON SWALE/STW,501,STW,1,0.004,0.002,0,0,0
BRADFORD ESHOLT/NO 2 STW,SKIPTON/STW,502,STF/D,3,3.481013009,1.522,2,0,1.959013009
HULL/STW,SLEDMERE/STW,503,STW,1,0.024,0.012,0,0,0
YORK NABURN/STW,SLINGSBY/NO 2 STW,504,STW,1,0.09,0.045,0,0,0
KNOSTROP/STW,SNAITH/STW,505,STW,1,1.32,0.66,0,0,0
BRADFORD ESHOLT/NO 2 STW,SNAPE/STW,506,STW,1,0.042,0.021,0,0,0
HULL/STW,SOUTH DALTON/STW,507,STW,1,0.016,0.008,0,0,0
KNOSTROP/STW,SOUTH ELMSALL/STW,508,STF/D,3,4.211782939,2.323,0,0,0
BRADFORD ESHOLT/NO 2 STW,SPENNITHORNE/STW,509,STW,1,0.026,0.013,0,0,0
YORK NABURN/STW,SPROXTON/STW,510,STW,1,0.014,0.007,0,0,0
OLD WHITTINGTON/STW,STAINSBY/STW,511,STW,1,0.006,0.003,0,0,0
YORK NABURN/STW,STAMFORD BRIDGE/NO 2 STW,512,STW,1,0.732,0.366,0,0,0
KNOSTROP/STW,STANLEY/STW,513,STW,1,2.734,1.367,0,0,0
KNOSTROP/STW,STAPLETON PARK/STW,514,STW,1,0.24,0.12,0,0,0
BRADFORD ESHOLT/NO 2 STW,STARBOTTON/STW,515,STW,1,0.016,0.008,0,0,0
BLACKBURN MEADOWS/STW,STAVE LOW COMMON/STW,516,STW,1,0.008,0.004,0,0,0
BLACKBURN MEADOWS/STW,STAVELEY/STW,517,STC,4,2,1.963,0,0,0
YORK NABURN/STW,STEARSBY/STW,518,STW,1,0.002,0.001,0,0,0
YORK NABURN/STW,STILLINGTON/STW,519,STW,1,0.102,0.051,0,0,0
BRADFORD ESHOLT/NO 2 STW,STIRTON/STW,520,STW,1,0.012,0.006,0,0,0
BLACKBURN MEADOWS/STW,STOCKLEY/STW,521,STW,1,0.372,0.186,0,0,0
LUNDWOOD/STW,STOCKSBRIDGE/STW,522,STW,1,1.916,0.958,0,0,0
DEWSBURY/STW,STOCKSMOOR ROAD/NO 2 STW,523,STW,1,0.01,0.005,0,0,0
HUDDERSFIELD/NO 2 STF,STOODLEY GLEN/STW,524,STW,1,0.004,0.002,0,0,0
BRADFORD ESHOLT/NO 2 STW,STUDLEY ROGER/STW,525,STW,1,0.016,0.008,0,0,0
HULL/STW,SUNNYBANK/STW,526,STW,1,0.02,0.01,0,0,0
YORK NABURN/STW,SUTTON ON THE FOREST/STW,527,STW,1,0.226,0.113,0,0,0
BRADFORD ESHOLT/NO 2 STW,SUTTON WHITESTONECLF/STW,528,STW,1,0.046,0.023,0,0,0
KNOSTROP/STW,SUTTON/STW,529,STF/D,3,9.785319221,3.932,2,0,5.853319221
HULL/STW,SWINE/STW,530,STW,1,0.006,0.003,0,0,0
BRADFORD ESHOLT/NO 2 STW,SWINITHWAITE/STW,531,STW,1,0.004,0.002,0,0,0
BRADFORD ESHOLT/NO 2 STW,SWINSTY CAR PARK/STW,532,STW,1,0.006,0.003,0,0,0
BRADFORD ESHOLT/NO 2 STW,SWINTON MASHAM/NO 2 STW,533,STW,1,0.006,0.003,0,0,0
YORK NABURN/STW,TADCASTER/DOMESTIC STW,534,STW,1,1.364,0.682,0,0,0
KNOSTROP/STW,TADCASTER/TRADE STW,535,STF/T,2,1.714,0.857,1,0,0.857
KNOSTROP/STW,TANKERSLEY/STW,536,STW,1,0.22,0.11,0,0,0
OLD WHITTINGTON/STW,TEMPLE NORMANTON/STW,537,STW,1,0.046,0.023,0,0,0
YORK NABURN/STW,TERRINGTON/STW,538,STW,1,0.07,0.035,0,0,0
HULL/STW,THE COTT RUSTON PARVA/STW,539,STW,1,0.02,0.01,0,0,0
HULL/STW,THE LAURELS/STW,540,STW,1,0.02,0.01,0,0,0
BRADFORD ESHOLT/NO 2 STW,THIMBLEBY/STW,541,STW,1,0.006,0.003,0,0,0
BRADFORD ESHOLT/NO 2 STW,THIRKLEBY/STW,542,STW,1,0.01,0.005,0,0,0
BRADFORD ESHOLT/NO 2 STW,THIRN/STW,543,STW,1,0.006,0.003,0,0,0
BRADFORD ESHOLT/NO 2 STW,THIRSK/STW,544,STW,1,1.692,0.846,0,0,0
YORK NABURN/STW,THOLTHORPE/STW,545,STW,1,0.02,0.01,0,0,0
BRADFORD ESHOLT/NO 2 STW,THORALBY/STW,546,STW,1,0.032,0.016,0,0,0
YORK NABURN/STW,THORGANBY/STW,547,STW,1,0.012,0.006,0,0,0
BRADFORD ESHOLT/NO 2 STW,THORMANBY/NO 2 STW,548,STW,1,0.03,0.015,0,0,0
HULL/STW,THORNE/STW,549,STF/T,2,4.958,2.479,1,0,2.479
BRADFORD ESHOLT/NO 2 STW,THORNTON LE BEANS/STW,550,STW,1,0.322,0.161,0,0,0
YORK NABURN/STW,THORNTON LE DALE/STW,551,STW,1,0.034,0.017,0,0,0
BRADFORD ESHOLT/NO 2 STW,THORNTON LE STREET/STW,552,STW,1,0.014,0.007,0,0,0
BRADFORD ESHOLT/NO 2 STW,THORNTON STEWARD/STW,553,STW,1,0.004,0.002,0,0,0
BRADFORD ESHOLT/NO 2 STW,THORNTON WATLASS/STW,554,STW,1,0.028,0.014,0,0,0
YORK NABURN/STW,THORP ARCH/STW,555,STW,1,1.532,0.766,0,0,0
YORK NABURN/STW,THORPE WILLOUGHBY/STW,556,STW,1,0.01,0.005,0,0,0
BRADFORD ESHOLT/NO 2 STW,THWAITE/STW,557,STW,1,0.074,0.037,0,0,0
HULL/STW,TIBTHORPE/STW,558,STW,1,0.008,0.004,0,0,0
BRADFORD ESHOLT/NO 2 STW,TIMBLE/STW,559,STW,1,0.002,0.001,0,0,0
BRADFORD ESHOLT/NO 2 STW,TOCKWITH/STW,560,STW,1,0.256,0.128,0,0,0
YORK NABURN/STW,TOLLERTON/STW,561,STW,1,0.246,0.123,0,0,0
HULL/STW,TOPHILL LOW/WTW STW,562,STW,1,0.004,0.002,0,0,0
KNOSTROP/STW,TOWTON/STW,563,STW,1,0.028,0.014,0,0,0
OLD WHITTINGTON/STW,TROWAY/STW,564,STW,1,0.002,0.001,0,0,0
BRADFORD ESHOLT/NO 2 STW,TUNSTALL/STW,565,STW,1,0.036,0.018,0,0,0
BLACKBURN MEADOWS/STW,TUPTON/STW,566,STW,1,1.406,0.703,0,0,0
YORK NABURN/STW,UGTHORPE/STW,567,STW,1,0.02,0.01,0,0,0
DEWSBURY/STW,UPPER DENBY/STW,568,STW,1,0.002,0.001,0,0,0
BRADFORD ESHOLT/NO 2 STW,UPSALL/STW,569,STW,1,0.002,0.001,0,0,0
KNOSTROP/STW,UPTON WRANGBROOK/STW,570,STW,1,0.926,0.463,0,0,0
OLD WHITTINGTON/STW,WADSHELF/STW,571,STW,1,0.026,0.013,0,0,0
HULL/STW,WANSFORD/NO 2 STW,572,STW,1,0.012,0.006,0,0,0
YORK NABURN/STW,WARTHILL/STW,573,STW,1,0.022,0.011,0,0,0
YORK NABURN/STW,WASS/NO 2 STW,574,STW,1,0.018,0.009,0,0,0
HUDDERSFIELD/NO 2 STF,WATERGATE/STW,575,STW,1,0.004,0.002,0,0,0
BRADFORD ESHOLT/NO 2 STW,WATH BRIDGE/STW,576,STW,1,0.008,0.004,0,0,0
ALDWARKE/STW,WATH ON DEARNE/STW,577,STF/T,2,2.728,1.364,1,0,1.364
BRADFORD ESHOLT/NO 2 STW,WATH RIPON/STW,578,STW,1,0.088,0.044,0,0,0
HULL/STW,WATTON/STW,579,STW,1,0.328,0.164,0,0,0
BRADFORD ESHOLT/NO 2 STW,WEARDLEY/STW,580,STW,1,0.004,0.002,0,0,0
YORK NABURN/STW,WEAVERTHORPE/STW,581,STW,1,0.044,0.022,0,0,0
HULL/STW,WEEL/STW,582,STW,1,0.004,0.002,0,0,0
KNOSTROP/STW,WEETON/STW,583,STW,1,0.152,0.076,0,0,0
YORK NABURN/STW,WELBURN/STW,584,STW,1,0.068,0.034,0,0,0
HUDDERSFIELD/NO 2 STF,WELLHOUSE/STW,585,STW,1,0.004,0.002,0,0,0
HULL/STW,WELLS COTTAGE/STW,586,STW,1,0.02,0.01,0,0,0
HULL/STW,WELWICK NO 1/STW,587,STW,1,0.004,0.002,0,0,0
HULL/STW,WELWICK NO 2/STW,588,STW,1,0.016,0.008,0,0,0
BRADFORD ESHOLT/NO 2 STW,WENSLEY/STW,589,STW,1,0.018,0.009,0,0,0
LUNDWOOD/STW,WENTWORTH CASTLE/STW,590,STW,1,0.034,0.017,0,0,0
KNOSTROP/STW,WENTWORTH/STW,591,STW,1,0.06,0.03,0,0,0
DEWSBURY/STW,WEST BRETTON/NO 2 STW,592,STW,1,0.056,0.028,0,0,0
BRADFORD ESHOLT/NO 2 STW,WEST BURTON/STW,593,STW,1,0.04,0.02,0,0,0
KNOSTROP/STW,WEST HADDLESEY/STW,594,STW,1,0.024,0.012,0,0,0
OLD WHITTINGTON/STW,WEST HANDLEY/STW,595,STW,1,0.016,0.008,0,0,0
YORK NABURN/STW,WEST LUTTON/STW,596,STW,1,0.03,0.015,0,0,0
BRADFORD ESHOLT/NO 2 STW,WEST ROUNTON/STW,597,STW,1,0.09,0.045,0,0,0
BRADFORD ESHOLT/NO 2 STW,WEST TANFIELD/STW,598,STW,1,0.104,0.052,0,0,0
BRADFORD ESHOLT/NO 2 STW,WEST WITTON/STW,599,STW,1,0.062,0.031,0,0,0
YORK NABURN/STW,WESTERDALE/STW,600,STW,1,0.006,0.003,0,0,0
YORK NABURN/STW,WESTOW/STW,601,STW,1,0.04,0.02,0,0,0
KNOSTROP/STW,WETHERBY/STW,602,STW,1,3.354,1.677,0,0,0
HULL/STW,WETWANG/STW,603,STW,1,0.106,0.053,0,0,0
BLACKBURN MEADOWS/STW,WHARNCLIFFE SIDE/STW,604,STW,1,0.2,0.1,0,0,0
BRADFORD ESHOLT/NO 2 STW,WHASHTON/STW,605,STW,1,0.016,0.008,0,0,0
YORK NABURN/STW,WHELDRAKE/STW,606,STW,1,0.298,0.149,0,0,0
YORK NABURN/STW,WHENBY/NO 2 STW,607,STW,1,0.004,0.002,0,0,0
YORK NABURN/STW,WHITBY/STW,608,STF/D,3,4.335505295,1.417,4,0,2.918505295
BLACKBURN MEADOWS/STW,WHITLEY/STW,609,STW,1,0.006,0.003,0,0,0
YORK NABURN/STW,WILBERFOSS/STW,610,STW,1,0.428,0.214,0,0,0
OLD WHITTINGTON/STW,WILLIAMTHORPE/STW,611,STF/T,2,0.514,0.257,1,0,0.257
YORK NABURN/STW,WISTOW/STW,612,STW,1,0.162,0.081,0,0,0
HULL/STW,WITHERNSEA/STW,613,STF/T,2,1.236,0.618,1,0,0.618
HULL/STW,WITHERNWICK/STW,614,STW,1,0.07,0.035,0,0,0
KNOSTROP/STW,WOMBWELL/STW,615,STF/D,3,7.368496223,3.432,2,0,3.936496223
BLACKBURN MEADOWS/STW,WOODALL/STW,616,STW,1,0.036,0.018,0,0,0
WOODHOUSE MILL/NO 2 STW,WOODHOUSE MILL/NO 2 STW,617,STC,4,14.5,9.659,1.55,0,4.841
CALDER VALE/STW,WOOLLEY VILLAGE/STW,618,STW,1,0.056,0.028,0,0,0
ALDWARKE/STW,WORSBROUGH/STW,619,STF/T,2,2.656,1.328,1,0,1.328
LUNDWOOD/STW,WORTLEY EAST/STW,620,STW,1,0.02,0.01,0,0,0
LUNDWOOD/STW,WORTLEY WEST/STW,621,STW,1,0.012,0.006,0,0,0
BRADFORD ESHOLT/NO 2 STW,WORTON/STW,622,STW,1,0.01,0.005,0,0,0
CALDER VALE/STW,WRAGBY/STW,623,STW,1,0.012,0.006,0,0,0
YORK NABURN/STW,YEARSLEY/STW,624,STW,1,0.01,0.005,0,0,0
YORK NABURN/STW,YORK NABURN/STW,625,STC,4,30,10.635,12.4,9.9,19.365
3rd Party,NORTHUMBRIAN WATER,626,TP,5,500,0,0,50,500
3rd Party,ANGLIAN WATER,627,TP,5,500,0,0,50,500
3rd Party,SEVERN TRENT,628,TP,5,500,0,0,50,500
